obs_id,key_type,key,value,status,label_basis,labeler_certainty,blinded,obs_hash,labeled_by,labeled_at
OBS-001,field,device_type,ip_camera,proposed,payload_inference,high,false,sha256:02c0d002961e7fb3d882548eb62246617b855723e3bbdfa2f9e6ae870726e654,import:labels-initial.csv,
OBS-001,field,firmware,10.12.114,proposed,payload_inference,high,false,sha256:02c0d002961e7fb3d882548eb62246617b855723e3bbdfa2f9e6ae870726e654,import:labels-initial.csv,
OBS-001,field,model,P3245-LVE,proposed,payload_inference,high,false,sha256:02c0d002961e7fb3d882548eb62246617b855723e3bbdfa2f9e6ae870726e654,import:labels-initial.csv,
OBS-001,field,vendor,Axis Communications,proposed,payload_inference,high,false,sha256:02c0d002961e7fb3d882548eb62246617b855723e3bbdfa2f9e6ae870726e654,import:labels-initial.csv,
OBS-001,link_basis,same_device,OBS-002,proposed,payload_inference,medium,false,sha256:02c0d002961e7fb3d882548eb62246617b855723e3bbdfa2f9e6ae870726e654,import:labels-initial.csv,
OBS-001,link_basis,same_device,OBS-003,proposed,payload_inference,high,false,sha256:02c0d002961e7fb3d882548eb62246617b855723e3bbdfa2f9e6ae870726e654,import:labels-initial.csv,
OBS-002,field,device_type,ip_camera,proposed,payload_inference,medium,false,sha256:8498514666e6539a953602903f88687ae0ca4d8f800f2400a815a78289fc1ad6,import:labels-initial.csv,
OBS-002,field,firmware,10.12.114,proposed,payload_inference,medium,false,sha256:8498514666e6539a953602903f88687ae0ca4d8f800f2400a815a78289fc1ad6,import:labels-initial.csv,
OBS-002,field,model,P3245-LVE,proposed,payload_inference,medium,false,sha256:8498514666e6539a953602903f88687ae0ca4d8f800f2400a815a78289fc1ad6,import:labels-initial.csv,
OBS-002,field,vendor,Axis Communications,proposed,payload_inference,medium,false,sha256:8498514666e6539a953602903f88687ae0ca4d8f800f2400a815a78289fc1ad6,import:labels-initial.csv,
OBS-002,link_basis,same_device,OBS-003,proposed,payload_inference,medium,false,sha256:8498514666e6539a953602903f88687ae0ca4d8f800f2400a815a78289fc1ad6,import:labels-initial.csv,
OBS-003,field,device_type,ip_camera,proposed,payload_inference,high,false,sha256:b9419ab491437a50b6f2e23d9b09c86d5c473856b34e9f983862738ade77c556,import:labels-initial.csv,
OBS-003,field,model,P3245-LVE,proposed,payload_inference,high,false,sha256:b9419ab491437a50b6f2e23d9b09c86d5c473856b34e9f983862738ade77c556,import:labels-initial.csv,
OBS-003,field,vendor,Axis Communications,proposed,payload_inference,high,false,sha256:b9419ab491437a50b6f2e23d9b09c86d5c473856b34e9f983862738ade77c556,import:labels-initial.csv,
OBS-004,field,device_type,nvr,proposed,payload_inference,high,false,sha256:f0f7145e8ea7e1300faf596f23160134d77ed4820d8d983d27998265514071dc,import:labels-initial.csv,
OBS-004,field,firmware,2.11.04,proposed,payload_inference,high,false,sha256:f0f7145e8ea7e1300faf596f23160134d77ed4820d8d983d27998265514071dc,import:labels-initial.csv,
OBS-004,field,model,XRN-2010,proposed,payload_inference,high,false,sha256:f0f7145e8ea7e1300faf596f23160134d77ed4820d8d983d27998265514071dc,import:labels-initial.csv,
OBS-004,field,vendor,Hanwha Vision,proposed,payload_inference,high,false,sha256:f0f7145e8ea7e1300faf596f23160134d77ed4820d8d983d27998265514071dc,import:labels-initial.csv,
OBS-004,link_basis,same_device,OBS-005,proposed,payload_inference,medium,false,sha256:f0f7145e8ea7e1300faf596f23160134d77ed4820d8d983d27998265514071dc,import:labels-initial.csv,
OBS-005,field,device_type,nvr,proposed,payload_inference,medium,false,sha256:e55ad68ce49fd0c78b6bc3e9f75d5d24fe51aabd41cc04aa5003941cb209cfa4,import:labels-initial.csv,
OBS-005,field,model,XRN-2010,proposed,payload_inference,medium,false,sha256:e55ad68ce49fd0c78b6bc3e9f75d5d24fe51aabd41cc04aa5003941cb209cfa4,import:labels-initial.csv,
OBS-005,field,vendor,Hanwha Vision,proposed,payload_inference,medium,false,sha256:e55ad68ce49fd0c78b6bc3e9f75d5d24fe51aabd41cc04aa5003941cb209cfa4,import:labels-initial.csv,
OBS-006,field,device_type,ip_camera,proposed,payload_inference,high,false,sha256:ab193fad265160826d155aead3f89be5690748ce2c885a84896c92ae52f788ca,import:labels-initial.csv,
OBS-006,field,firmware,1.2005.14.01,proposed,payload_inference,high,false,sha256:ab193fad265160826d155aead3f89be5690748ce2c885a84896c92ae52f788ca,import:labels-initial.csv,
OBS-006,field,model,FD9389-HTV,proposed,payload_inference,high,false,sha256:ab193fad265160826d155aead3f89be5690748ce2c885a84896c92ae52f788ca,import:labels-initial.csv,
OBS-006,field,vendor,Vivotek,proposed,payload_inference,high,false,sha256:ab193fad265160826d155aead3f89be5690748ce2c885a84896c92ae52f788ca,import:labels-initial.csv,
OBS-007,field,device_type,ip_camera,proposed,payload_inference,high,false,sha256:98dc272433f44a9175a3a1dbaaec01783251b803d4a2a7ed15bf5e7aaee8fbb5,import:labels-initial.csv,
OBS-007,field,firmware,1.2005.14.01,proposed,payload_inference,high,false,sha256:98dc272433f44a9175a3a1dbaaec01783251b803d4a2a7ed15bf5e7aaee8fbb5,import:labels-initial.csv,
OBS-007,field,model,FD9389-HTV,proposed,payload_inference,high,false,sha256:98dc272433f44a9175a3a1dbaaec01783251b803d4a2a7ed15bf5e7aaee8fbb5,import:labels-initial.csv,
OBS-007,field,vendor,Vivotek,proposed,payload_inference,high,false,sha256:98dc272433f44a9175a3a1dbaaec01783251b803d4a2a7ed15bf5e7aaee8fbb5,import:labels-initial.csv,
OBS-008,field,device_type,ip_camera,proposed,payload_inference,medium,false,sha256:1e355032613a905d2753995b352b04b71d349052024185c0496d9097639557df,import:labels-initial.csv,
OBS-008,field,firmware,1.41_180122,proposed,payload_inference,medium,false,sha256:1e355032613a905d2753995b352b04b71d349052024185c0496d9097639557df,import:labels-initial.csv,
OBS-008,field,model,SNP-6320,proposed,payload_inference,medium,false,sha256:1e355032613a905d2753995b352b04b71d349052024185c0496d9097639557df,import:labels-initial.csv,
OBS-008,field,vendor,Hanwha Vision,proposed,payload_inference,medium,false,sha256:1e355032613a905d2753995b352b04b71d349052024185c0496d9097639557df,import:labels-initial.csv,
OBS-009,field,device_type,ip_camera,proposed,payload_inference,medium,false,sha256:93ff69ebac405747bdbfdd0a8be62029b77b296fcd079a47f5d0b0aed1ce32fd,import:labels-initial.csv,
OBS-009,field,model,IXE23,proposed,payload_inference,medium,false,sha256:93ff69ebac405747bdbfdd0a8be62029b77b296fcd079a47f5d0b0aed1ce32fd,import:labels-initial.csv,
OBS-009,field,vendor,Pelco,proposed,payload_inference,medium,false,sha256:93ff69ebac405747bdbfdd0a8be62029b77b296fcd079a47f5d0b0aed1ce32fd,import:labels-initial.csv,
OBS-010,field,device_type,ip_camera,proposed,payload_inference,high,false,sha256:c29fe8057bd3c39bdc7fb3c23cb32054934637be8db081bdaaee4a15a189edf4,import:labels-initial.csv,
OBS-010,field,firmware,7.14.0.30,proposed,payload_inference,high,false,sha256:c29fe8057bd3c39bdc7fb3c23cb32054934637be8db081bdaaee4a15a189edf4,import:labels-initial.csv,
OBS-010,field,model,H5A-DO1,proposed,payload_inference,high,false,sha256:c29fe8057bd3c39bdc7fb3c23cb32054934637be8db081bdaaee4a15a189edf4,import:labels-initial.csv,
OBS-010,field,vendor,Avigilon,proposed,payload_inference,high,false,sha256:c29fe8057bd3c39bdc7fb3c23cb32054934637be8db081bdaaee4a15a189edf4,import:labels-initial.csv,
OBS-011,field,device_type,ip_camera,proposed,payload_inference,high,false,sha256:5af1e2fdbe876329e5b0ffdba75fd5bf46c2a798907e3d5a94dc4f6e1a166f43,import:labels-initial.csv,
OBS-011,field,model,DS-2CD2143G0-I,proposed,payload_inference,high,false,sha256:5af1e2fdbe876329e5b0ffdba75fd5bf46c2a798907e3d5a94dc4f6e1a166f43,import:labels-initial.csv,
OBS-011,field,vendor,Hikvision,proposed,payload_inference,high,false,sha256:5af1e2fdbe876329e5b0ffdba75fd5bf46c2a798907e3d5a94dc4f6e1a166f43,import:labels-initial.csv,
OBS-012,field,device_type,ip_camera,proposed,payload_inference,low,false,sha256:f738e901f72ed46b2658c6266b978ae4734809b71c779dcf8a74296975e24eb3,import:labels-initial.csv,
OBS-012,field,model,CMIP7442W-28M,proposed,payload_inference,low,false,sha256:f738e901f72ed46b2658c6266b978ae4734809b71c779dcf8a74296975e24eb3,import:labels-initial.csv,
OBS-012,field,vendor,Hikvision,proposed,payload_inference,low,false,sha256:f738e901f72ed46b2658c6266b978ae4734809b71c779dcf8a74296975e24eb3,import:labels-initial.csv,
OBS-013,field,device_type,ip_camera,proposed,payload_inference,medium,false,sha256:e00a0cf9ce733079638fa2df169cdbe0d5d69cbb1676767834d1b4d54d025bc8,import:labels-initial.csv,
OBS-013,field,firmware,2.40,proposed,payload_inference,medium,false,sha256:e00a0cf9ce733079638fa2df169cdbe0d5d69cbb1676767834d1b4d54d025bc8,import:labels-initial.csv,
OBS-013,field,model,WV-S2536LN,proposed,payload_inference,medium,false,sha256:e00a0cf9ce733079638fa2df169cdbe0d5d69cbb1676767834d1b4d54d025bc8,import:labels-initial.csv,
OBS-013,field,vendor,i-PRO,proposed,payload_inference,medium,false,sha256:e00a0cf9ce733079638fa2df169cdbe0d5d69cbb1676767834d1b4d54d025bc8,import:labels-initial.csv,
OBS-014,field,device_type,ip_camera,proposed,payload_inference,high,false,sha256:3058422259630c2f6b4abb41a16989edf704f909d8d400db553a41ad3b51b21e,import:labels-initial.csv,
OBS-014,field,firmware,7.85.0057,proposed,payload_inference,high,false,sha256:3058422259630c2f6b4abb41a16989edf704f909d8d400db553a41ad3b51b21e,import:labels-initial.csv,
OBS-014,field,model,NBE-5703-AL,proposed,payload_inference,high,false,sha256:3058422259630c2f6b4abb41a16989edf704f909d8d400db553a41ad3b51b21e,import:labels-initial.csv,
OBS-014,field,vendor,Bosch Security Systems,proposed,payload_inference,high,false,sha256:3058422259630c2f6b4abb41a16989edf704f909d8d400db553a41ad3b51b21e,import:labels-initial.csv,
OBS-015,field,device_type,door_controller,proposed,payload_inference,medium,false,sha256:92cf1e0412de9a11e1689c1b97110cead9debcadde1143466924399a7f572cab,import:labels-initial.csv,
OBS-015,field,firmware,1.65.4,proposed,payload_inference,medium,false,sha256:92cf1e0412de9a11e1689c1b97110cead9debcadde1143466924399a7f572cab,import:labels-initial.csv,
OBS-015,field,model,A1601,proposed,payload_inference,medium,false,sha256:92cf1e0412de9a11e1689c1b97110cead9debcadde1143466924399a7f572cab,import:labels-initial.csv,
OBS-015,field,vendor,Axis Communications,proposed,payload_inference,medium,false,sha256:92cf1e0412de9a11e1689c1b97110cead9debcadde1143466924399a7f572cab,import:labels-initial.csv,
OBS-016,field,device_type,access_control_panel,proposed,payload_inference,high,false,sha256:f7b6991a4c2d852bf86224ffe5ea878571b2dcf9524d9920780b88e45175d5f1,import:labels-initial.csv,
OBS-016,field,firmware,3.6.1.1035,proposed,payload_inference,high,false,sha256:f7b6991a4c2d852bf86224ffe5ea878571b2dcf9524d9920780b88e45175d5f1,import:labels-initial.csv,
OBS-016,field,model,VertX EVO V1000,proposed,payload_inference,high,false,sha256:f7b6991a4c2d852bf86224ffe5ea878571b2dcf9524d9920780b88e45175d5f1,import:labels-initial.csv,
OBS-016,field,vendor,HID Global,proposed,payload_inference,high,false,sha256:f7b6991a4c2d852bf86224ffe5ea878571b2dcf9524d9920780b88e45175d5f1,import:labels-initial.csv,
OBS-017,field,device_type,access_control_panel,proposed,payload_inference,high,false,sha256:081cee10c12512b06757b12911e5d1cf6d44e8d34f72d12a2ad1ba493c64ea54,import:labels-initial.csv,
OBS-017,field,firmware,1.28.5,proposed,payload_inference,high,false,sha256:081cee10c12512b06757b12911e5d1cf6d44e8d34f72d12a2ad1ba493c64ea54,import:labels-initial.csv,
OBS-017,field,model,LNL-4420,proposed,payload_inference,high,false,sha256:081cee10c12512b06757b12911e5d1cf6d44e8d34f72d12a2ad1ba493c64ea54,import:labels-initial.csv,
OBS-017,field,vendor,Lenel,proposed,payload_inference,high,false,sha256:081cee10c12512b06757b12911e5d1cf6d44e8d34f72d12a2ad1ba493c64ea54,import:labels-initial.csv,
OBS-018,field,device_type,door_controller,proposed,payload_inference,medium,false,sha256:a96be44bf4aa52d4c7609615767c8f70ce6d4c367beafde8263e83a5d41d3aa5,import:labels-initial.csv,
OBS-018,field,firmware,6.9.2,proposed,payload_inference,medium,false,sha256:a96be44bf4aa52d4c7609615767c8f70ce6d4c367beafde8263e83a5d41d3aa5,import:labels-initial.csv,
OBS-018,field,model,iSTAR Ultra,proposed,payload_inference,medium,false,sha256:a96be44bf4aa52d4c7609615767c8f70ce6d4c367beafde8263e83a5d41d3aa5,import:labels-initial.csv,
OBS-018,field,vendor,Software House,proposed,payload_inference,medium,false,sha256:a96be44bf4aa52d4c7609615767c8f70ce6d4c367beafde8263e83a5d41d3aa5,import:labels-initial.csv,
OBS-019,field,device_type,intercom,proposed,payload_inference,high,false,sha256:803daed62a01ff25b9333cf87550622a12762d497b3d236ccb1b94787b9741cd,import:labels-initial.csv,
OBS-019,field,firmware,5.30,proposed,payload_inference,high,false,sha256:803daed62a01ff25b9333cf87550622a12762d497b3d236ccb1b94787b9741cd,import:labels-initial.csv,
OBS-019,field,model,IX-DVF,proposed,payload_inference,high,false,sha256:803daed62a01ff25b9333cf87550622a12762d497b3d236ccb1b94787b9741cd,import:labels-initial.csv,
OBS-019,field,vendor,Aiphone,proposed,payload_inference,high,false,sha256:803daed62a01ff25b9333cf87550622a12762d497b3d236ccb1b94787b9741cd,import:labels-initial.csv,
OBS-020,field,device_type,intercom,proposed,payload_inference,high,false,sha256:0c92e7db1cdaae5d9c73f81615025c7e0db66dc3bd858b2a9eebc17701e49a3a,import:labels-initial.csv,
OBS-020,field,firmware,2.42.0.48.1,proposed,payload_inference,high,false,sha256:0c92e7db1cdaae5d9c73f81615025c7e0db66dc3bd858b2a9eebc17701e49a3a,import:labels-initial.csv,
OBS-020,field,model,IP Verso,proposed,payload_inference,high,false,sha256:0c92e7db1cdaae5d9c73f81615025c7e0db66dc3bd858b2a9eebc17701e49a3a,import:labels-initial.csv,
OBS-020,field,vendor,2N,proposed,payload_inference,high,false,sha256:0c92e7db1cdaae5d9c73f81615025c7e0db66dc3bd858b2a9eebc17701e49a3a,import:labels-initial.csv,
OBS-021,field,device_type,ip_speaker,proposed,payload_inference,high,false,sha256:1219b80bdcb46687d265955516b972a76d59d4482f1258099637d47f0d9fc946,import:labels-initial.csv,
OBS-021,field,firmware,11.6.94,proposed,payload_inference,high,false,sha256:1219b80bdcb46687d265955516b972a76d59d4482f1258099637d47f0d9fc946,import:labels-initial.csv,
OBS-021,field,model,C1310-E,proposed,payload_inference,high,false,sha256:1219b80bdcb46687d265955516b972a76d59d4482f1258099637d47f0d9fc946,import:labels-initial.csv,
OBS-021,field,vendor,Axis Communications,proposed,payload_inference,high,false,sha256:1219b80bdcb46687d265955516b972a76d59d4482f1258099637d47f0d9fc946,import:labels-initial.csv,
OBS-022,field,device_type,network_switch,proposed,payload_inference,high,false,sha256:8f7606795a4729b25e7b837a216e5f2f7ce926b45913a7729705d7ddd7544fd7,import:labels-initial.csv,
OBS-022,field,firmware,17.06.04,proposed,payload_inference,high,false,sha256:8f7606795a4729b25e7b837a216e5f2f7ce926b45913a7729705d7ddd7544fd7,import:labels-initial.csv,
OBS-022,field,model,C9300,proposed,payload_inference,high,false,sha256:8f7606795a4729b25e7b837a216e5f2f7ce926b45913a7729705d7ddd7544fd7,import:labels-initial.csv,
OBS-022,field,vendor,Cisco Systems,proposed,payload_inference,high,false,sha256:8f7606795a4729b25e7b837a216e5f2f7ce926b45913a7729705d7ddd7544fd7,import:labels-initial.csv,
OBS-023,field,device_type,network_switch,proposed,payload_inference,high,false,sha256:518ce487c994fc62aff2e69c1c16d882dff72af5d6d174bdd51914c3c82b1b05,import:labels-initial.csv,
OBS-023,field,firmware,21.4R3-S4.9,proposed,payload_inference,high,false,sha256:518ce487c994fc62aff2e69c1c16d882dff72af5d6d174bdd51914c3c82b1b05,import:labels-initial.csv,
OBS-023,field,model,EX2300-48T,proposed,payload_inference,high,false,sha256:518ce487c994fc62aff2e69c1c16d882dff72af5d6d174bdd51914c3c82b1b05,import:labels-initial.csv,
OBS-023,field,vendor,Juniper Networks,proposed,payload_inference,high,false,sha256:518ce487c994fc62aff2e69c1c16d882dff72af5d6d174bdd51914c3c82b1b05,import:labels-initial.csv,
OBS-024,field,device_type,wireless_ap,proposed,payload_inference,high,false,sha256:326c1903de13b4a5fc61bc4efcf4a9e66fbead0220f9db13de5a6e4c04ddbcba,import:labels-initial.csv,
OBS-024,field,firmware,6.6.65,proposed,payload_inference,high,false,sha256:326c1903de13b4a5fc61bc4efcf4a9e66fbead0220f9db13de5a6e4c04ddbcba,import:labels-initial.csv,
OBS-024,field,model,U6-Pro,proposed,payload_inference,high,false,sha256:326c1903de13b4a5fc61bc4efcf4a9e66fbead0220f9db13de5a6e4c04ddbcba,import:labels-initial.csv,
OBS-024,field,vendor,Ubiquiti,proposed,payload_inference,high,false,sha256:326c1903de13b4a5fc61bc4efcf4a9e66fbead0220f9db13de5a6e4c04ddbcba,import:labels-initial.csv,
OBS-025,field,device_type,printer,proposed,payload_inference,high,false,sha256:7e834db2d7c037891741397936aa1271bd61107f47f2125ee955afa709066fbb,import:labels-initial.csv,
OBS-025,field,firmware,2408049_000587,proposed,payload_inference,high,false,sha256:7e834db2d7c037891741397936aa1271bd61107f47f2125ee955afa709066fbb,import:labels-initial.csv,
OBS-025,field,model,LaserJet Enterprise M507dn,proposed,payload_inference,high,false,sha256:7e834db2d7c037891741397936aa1271bd61107f47f2125ee955afa709066fbb,import:labels-initial.csv,
OBS-025,field,vendor,HP Inc.,proposed,payload_inference,high,false,sha256:7e834db2d7c037891741397936aa1271bd61107f47f2125ee955afa709066fbb,import:labels-initial.csv,
OBS-026,field,device_type,plc,proposed,payload_inference,high,false,sha256:b83119a3fe51e8a8146711ccef0b473c4064576afc77a491ddd59ecf62b1b1bf,import:labels-initial.csv,
OBS-026,field,firmware,V2.9.2,proposed,payload_inference,high,false,sha256:b83119a3fe51e8a8146711ccef0b473c4064576afc77a491ddd59ecf62b1b1bf,import:labels-initial.csv,
OBS-026,field,model,S7-1500 CPU 1516-3 PN/DP,proposed,payload_inference,high,false,sha256:b83119a3fe51e8a8146711ccef0b473c4064576afc77a491ddd59ecf62b1b1bf,import:labels-initial.csv,
OBS-026,field,vendor,Siemens,proposed,payload_inference,high,false,sha256:b83119a3fe51e8a8146711ccef0b473c4064576afc77a491ddd59ecf62b1b1bf,import:labels-initial.csv,
OBS-027,field,device_type,plc,proposed,payload_inference,high,false,sha256:9100fefecaf1541a0fc528b1023a652e88c2ececb91c9b9d5fe67fcac5bc09a0,import:labels-initial.csv,
OBS-027,field,firmware,33.011,proposed,payload_inference,high,false,sha256:9100fefecaf1541a0fc528b1023a652e88c2ececb91c9b9d5fe67fcac5bc09a0,import:labels-initial.csv,
OBS-027,field,model,1756-L83E,proposed,payload_inference,high,false,sha256:9100fefecaf1541a0fc528b1023a652e88c2ececb91c9b9d5fe67fcac5bc09a0,import:labels-initial.csv,
OBS-027,field,vendor,Rockwell Automation,proposed,payload_inference,high,false,sha256:9100fefecaf1541a0fc528b1023a652e88c2ececb91c9b9d5fe67fcac5bc09a0,import:labels-initial.csv,
OBS-028,field,device_type,hvac_controller,proposed,payload_inference,medium,false,sha256:b05040ace4dfaf47e8bc20dbdc30936c9953a2ab98569d504cda67fc2d56f417,import:labels-initial.csv,
OBS-028,field,firmware,4.10.0.157,proposed,payload_inference,medium,false,sha256:b05040ace4dfaf47e8bc20dbdc30936c9953a2ab98569d504cda67fc2d56f417,import:labels-initial.csv,
OBS-028,field,model,WEBs-N4,proposed,payload_inference,medium,false,sha256:b05040ace4dfaf47e8bc20dbdc30936c9953a2ab98569d504cda67fc2d56f417,import:labels-initial.csv,
OBS-028,field,vendor,Honeywell,proposed,payload_inference,medium,false,sha256:b05040ace4dfaf47e8bc20dbdc30936c9953a2ab98569d504cda67fc2d56f417,import:labels-initial.csv,
OBS-029,field,device_type,ups,proposed,payload_inference,high,false,sha256:c5d9c993d5f1cdccc82edcd227762e9ea764af28288cba9014337e97fb7c3845,import:labels-initial.csv,
OBS-029,field,firmware,6.9.6,proposed,payload_inference,high,false,sha256:c5d9c993d5f1cdccc82edcd227762e9ea764af28288cba9014337e97fb7c3845,import:labels-initial.csv,
OBS-029,field,model,Smart-UPS SRT 5000,proposed,payload_inference,high,false,sha256:c5d9c993d5f1cdccc82edcd227762e9ea764af28288cba9014337e97fb7c3845,import:labels-initial.csv,
OBS-029,field,vendor,APC,proposed,payload_inference,high,false,sha256:c5d9c993d5f1cdccc82edcd227762e9ea764af28288cba9014337e97fb7c3845,import:labels-initial.csv,
OBS-030,field,device_type,environmental_sensor,proposed,payload_inference,high,false,sha256:1cf584df52d23749680d672b97b2ffb79f2c51efb298f5d82df39e0eb016e234,import:labels-initial.csv,
OBS-030,field,firmware,4.7.0,proposed,payload_inference,high,false,sha256:1cf584df52d23749680d672b97b2ffb79f2c51efb298f5d82df39e0eb016e234,import:labels-initial.csv,
OBS-030,field,model,NetBotz 355,proposed,payload_inference,high,false,sha256:1cf584df52d23749680d672b97b2ffb79f2c51efb298f5d82df39e0eb016e234,import:labels-initial.csv,
OBS-030,field,vendor,Schneider Electric,proposed,payload_inference,high,false,sha256:1cf584df52d23749680d672b97b2ffb79f2c51efb298f5d82df39e0eb016e234,import:labels-initial.csv,
OBS-031,field,device_type,digital_signage,proposed,payload_inference,high,false,sha256:aaab304ab85bce8331893dfc40157d7b3e57b05d55a2cce06f7895c252944ede,import:labels-initial.csv,
OBS-031,field,firmware,8.5.48,proposed,payload_inference,high,false,sha256:aaab304ab85bce8331893dfc40157d7b3e57b05d55a2cce06f7895c252944ede,import:labels-initial.csv,
OBS-031,field,model,XT1144,proposed,payload_inference,high,false,sha256:aaab304ab85bce8331893dfc40157d7b3e57b05d55a2cce06f7895c252944ede,import:labels-initial.csv,
OBS-031,field,vendor,BrightSign,proposed,payload_inference,high,false,sha256:aaab304ab85bce8331893dfc40157d7b3e57b05d55a2cce06f7895c252944ede,import:labels-initial.csv,
OBS-032,field,device_type,video_encoder,proposed,payload_inference,medium,false,sha256:ec8a1ec5556d8181e1edc29539780e8d4bb7ee8292046742d0c2ecbbe6a9070b,import:labels-initial.csv,
OBS-032,field,firmware,5.51.7.2,proposed,payload_inference,medium,false,sha256:ec8a1ec5556d8181e1edc29539780e8d4bb7ee8292046742d0c2ecbbe6a9070b,import:labels-initial.csv,
OBS-032,field,model,M7104,proposed,payload_inference,medium,false,sha256:ec8a1ec5556d8181e1edc29539780e8d4bb7ee8292046742d0c2ecbbe6a9070b,import:labels-initial.csv,
OBS-032,field,vendor,Axis Communications,proposed,payload_inference,medium,false,sha256:ec8a1ec5556d8181e1edc29539780e8d4bb7ee8292046742d0c2ecbbe6a9070b,import:labels-initial.csv,
OBS-033,field,device_type,nvr,proposed,payload_inference,medium,false,sha256:856c6ef74b236fe4d3d58337f1b5d124e0e88f6d330c93cad4c3210ae9deada5,import:labels-initial.csv,
OBS-033,field,firmware,23.3a,proposed,payload_inference,medium,false,sha256:856c6ef74b236fe4d3d58337f1b5d124e0e88f6d330c93cad4c3210ae9deada5,import:labels-initial.csv,
OBS-033,field,model,XProtect Recording Server,proposed,payload_inference,medium,false,sha256:856c6ef74b236fe4d3d58337f1b5d124e0e88f6d330c93cad4c3210ae9deada5,import:labels-initial.csv,
OBS-033,field,vendor,Milestone Systems,proposed,payload_inference,medium,false,sha256:856c6ef74b236fe4d3d58337f1b5d124e0e88f6d330c93cad4c3210ae9deada5,import:labels-initial.csv,
OBS-034,field,device_type,nvr,proposed,payload_inference,medium,false,sha256:1011fea5e8b165eae87a5c922d47aaefadcf4b1a4be200f12927c33cad5b479f,import:labels-initial.csv,
OBS-034,field,firmware,5.11.2.34,proposed,payload_inference,medium,false,sha256:1011fea5e8b165eae87a5c922d47aaefadcf4b1a4be200f12927c33cad5b479f,import:labels-initial.csv,
OBS-034,field,model,Security Center Archiver,proposed,payload_inference,medium,false,sha256:1011fea5e8b165eae87a5c922d47aaefadcf4b1a4be200f12927c33cad5b479f,import:labels-initial.csv,
OBS-034,field,vendor,Genetec,proposed,payload_inference,medium,false,sha256:1011fea5e8b165eae87a5c922d47aaefadcf4b1a4be200f12927c33cad5b479f,import:labels-initial.csv,
OBS-035,field,device_type,ip_camera,proposed,payload_inference,high,false,sha256:cdaf73ab6f765ce874871e3b1662bdd052d76cb50301676ebfdfaa88693e6ce5,import:labels-initial.csv,
OBS-035,field,model,IPC-HDW3849H-AS-PV,proposed,payload_inference,high,false,sha256:cdaf73ab6f765ce874871e3b1662bdd052d76cb50301676ebfdfaa88693e6ce5,import:labels-initial.csv,
OBS-035,field,vendor,Dahua Technology,proposed,payload_inference,high,false,sha256:cdaf73ab6f765ce874871e3b1662bdd052d76cb50301676ebfdfaa88693e6ce5,import:labels-initial.csv,
OBS-036,field,device_type,ip_camera,proposed,payload_inference,low,false,sha256:44448f1d411051723f1678392982ddedc9052eb00a69c5c85cddeae9ddf6d240,import:labels-initial.csv,
OBS-036,field,model,IP8M-2496EW,proposed,payload_inference,low,false,sha256:44448f1d411051723f1678392982ddedc9052eb00a69c5c85cddeae9ddf6d240,import:labels-initial.csv,
OBS-036,field,vendor,Dahua Technology,proposed,payload_inference,low,false,sha256:44448f1d411051723f1678392982ddedc9052eb00a69c5c85cddeae9ddf6d240,import:labels-initial.csv,
OBS-037,field,device_type,printer,proposed,payload_inference,medium,false,sha256:49f921115d1df48abe2fa34b85b3b377840da67bbca572d30d9365eb06dfc7fd,import:labels-initial.csv,
OBS-037,field,firmware,V93.21.02Z,proposed,payload_inference,medium,false,sha256:49f921115d1df48abe2fa34b85b3b377840da67bbca572d30d9365eb06dfc7fd,import:labels-initial.csv,
OBS-037,field,model,ZT411,proposed,payload_inference,medium,false,sha256:49f921115d1df48abe2fa34b85b3b377840da67bbca572d30d9365eb06dfc7fd,import:labels-initial.csv,
OBS-037,field,vendor,Zebra Technologies,proposed,payload_inference,medium,false,sha256:49f921115d1df48abe2fa34b85b3b377840da67bbca572d30d9365eb06dfc7fd,import:labels-initial.csv,
OBS-038,field,device_type,ip_camera,proposed,payload_inference,high,false,sha256:21885c17eb940d0be86a08c0739654b21385bc8eaaf7ec84d7be6df480eaa205,import:labels-initial.csv,
OBS-038,field,firmware,4.30.085,proposed,payload_inference,high,false,sha256:21885c17eb940d0be86a08c0739654b21385bc8eaaf7ec84d7be6df480eaa205,import:labels-initial.csv,
OBS-038,field,model,DS-7616NI-K2,proposed,payload_inference,high,false,sha256:21885c17eb940d0be86a08c0739654b21385bc8eaaf7ec84d7be6df480eaa205,import:labels-initial.csv,
OBS-038,field,vendor,Hikvision,proposed,payload_inference,high,false,sha256:21885c17eb940d0be86a08c0739654b21385bc8eaaf7ec84d7be6df480eaa205,import:labels-initial.csv,
OBS-039,field,device_type,ip_camera,proposed,payload_inference,high,false,sha256:f797e9fbccee729ef647f9d5d1c8d67f0e57178e909201e470eda9d047ff80bc,import:labels-initial.csv,
OBS-039,field,firmware,10.12.174,proposed,payload_inference,high,false,sha256:f797e9fbccee729ef647f9d5d1c8d67f0e57178e909201e470eda9d047ff80bc,import:labels-initial.csv,
OBS-039,field,model,Q6315-LE,proposed,payload_inference,high,false,sha256:f797e9fbccee729ef647f9d5d1c8d67f0e57178e909201e470eda9d047ff80bc,import:labels-initial.csv,
OBS-039,field,vendor,Axis Communications,proposed,payload_inference,high,false,sha256:f797e9fbccee729ef647f9d5d1c8d67f0e57178e909201e470eda9d047ff80bc,import:labels-initial.csv,
OBS-040,field,device_type,ip_camera,proposed,payload_inference,high,false,sha256:d60274ca2f2ca5387560000644ff664a76336d54f8d2dd4d7a64f610a9dbe1b2,import:labels-initial.csv,
OBS-040,field,firmware,1.2103.09.01,proposed,payload_inference,high,false,sha256:d60274ca2f2ca5387560000644ff664a76336d54f8d2dd4d7a64f610a9dbe1b2,import:labels-initial.csv,
OBS-040,field,model,IB9389-EHT,proposed,payload_inference,high,false,sha256:d60274ca2f2ca5387560000644ff664a76336d54f8d2dd4d7a64f610a9dbe1b2,import:labels-initial.csv,
OBS-040,field,vendor,Bosch Security Systems,proposed,payload_inference,high,false,sha256:d60274ca2f2ca5387560000644ff664a76336d54f8d2dd4d7a64f610a9dbe1b2,import:labels-initial.csv,
OBS-041,field,device_type,ip_camera,proposed,payload_inference,high,false,sha256:25ceb6a1f5865579e8959061fb437f06793646acb6f8d55a7dc069d865ad820a,import:labels-initial.csv,
OBS-041,field,firmware,8.12.2200,proposed,payload_inference,high,false,sha256:25ceb6a1f5865579e8959061fb437f06793646acb6f8d55a7dc069d865ad820a,import:labels-initial.csv,
OBS-041,field,model,NBE-7604-AL,proposed,payload_inference,high,false,sha256:25ceb6a1f5865579e8959061fb437f06793646acb6f8d55a7dc069d865ad820a,import:labels-initial.csv,
OBS-041,field,vendor,Bosch Security Systems,proposed,payload_inference,high,false,sha256:25ceb6a1f5865579e8959061fb437f06793646acb6f8d55a7dc069d865ad820a,import:labels-initial.csv,
OBS-042,field,device_type,unknown,proposed,payload_inference,low,false,sha256:39866f10e0e1686f6840591c4313081204e563c3cde7329e289d9e9fd3a234ef,import:labels-initial.csv,
OBS-042,field,vendor,Unknown,proposed,payload_inference,low,false,sha256:39866f10e0e1686f6840591c4313081204e563c3cde7329e289d9e9fd3a234ef,import:labels-initial.csv,
OBS-043,field,device_type,unknown,proposed,payload_inference,low,false,sha256:61237d9249e8cba667244280b0ee584b2c268dccfd7055c62491ab4a3faa8838,import:labels-initial.csv,
OBS-043,field,vendor,Unknown,proposed,payload_inference,low,false,sha256:61237d9249e8cba667244280b0ee584b2c268dccfd7055c62491ab4a3faa8838,import:labels-initial.csv,
OBS-044,field,device_type,unknown,proposed,payload_inference,low,false,sha256:97a0e9222b9de387e24d921126be928b617fcb0069d4a465f2e31a7fd2b0db8b,import:labels-initial.csv,
OBS-044,field,vendor,Unknown,proposed,payload_inference,low,false,sha256:97a0e9222b9de387e24d921126be928b617fcb0069d4a465f2e31a7fd2b0db8b,import:labels-initial.csv,
OBS-045,field,device_type,ip_camera,proposed,payload_inference,high,false,sha256:30a22b08820d04b3e04b05b618f4ce4b62da64bc11fa07e3d4a33e7f795ef822,import:labels-initial.csv,
OBS-045,field,firmware,10.12.114,proposed,payload_inference,high,false,sha256:30a22b08820d04b3e04b05b618f4ce4b62da64bc11fa07e3d4a33e7f795ef822,import:labels-initial.csv,
OBS-045,field,model,P3245-LVE,proposed,payload_inference,high,false,sha256:30a22b08820d04b3e04b05b618f4ce4b62da64bc11fa07e3d4a33e7f795ef822,import:labels-initial.csv,
OBS-045,field,vendor,Axis Communications,proposed,payload_inference,high,false,sha256:30a22b08820d04b3e04b05b618f4ce4b62da64bc11fa07e3d4a33e7f795ef822,import:labels-initial.csv,
OBS-046,field,device_type,ip_camera,proposed,payload_inference,high,false,sha256:bf9192a42345af9593f7af5dc984173a66a53fe8638301e0372098b07661a42f,import:labels-initial.csv,
OBS-046,field,firmware,10.12.114,proposed,payload_inference,high,false,sha256:bf9192a42345af9593f7af5dc984173a66a53fe8638301e0372098b07661a42f,import:labels-initial.csv,
OBS-046,field,model,P3245-LVE,proposed,payload_inference,high,false,sha256:bf9192a42345af9593f7af5dc984173a66a53fe8638301e0372098b07661a42f,import:labels-initial.csv,
OBS-046,field,vendor,Axis Communications,proposed,payload_inference,high,false,sha256:bf9192a42345af9593f7af5dc984173a66a53fe8638301e0372098b07661a42f,import:labels-initial.csv,
OBS-047,field,device_type,ip_camera,proposed,payload_inference,high,false,sha256:2e6b14f76e4ea256a1bd041e6b58a4cd630705260b2a7c4d5cbd91a34f3f3ca5,import:labels-initial.csv,
OBS-047,field,firmware,10.12.114,proposed,payload_inference,high,false,sha256:2e6b14f76e4ea256a1bd041e6b58a4cd630705260b2a7c4d5cbd91a34f3f3ca5,import:labels-initial.csv,
OBS-047,field,model,P3245-LVE,proposed,payload_inference,high,false,sha256:2e6b14f76e4ea256a1bd041e6b58a4cd630705260b2a7c4d5cbd91a34f3f3ca5,import:labels-initial.csv,
OBS-047,field,vendor,Axis Communications,proposed,payload_inference,high,false,sha256:2e6b14f76e4ea256a1bd041e6b58a4cd630705260b2a7c4d5cbd91a34f3f3ca5,import:labels-initial.csv,
OBS-047,link_basis,same_device,OBS-072,proposed,payload_inference,medium,false,sha256:2e6b14f76e4ea256a1bd041e6b58a4cd630705260b2a7c4d5cbd91a34f3f3ca5,import:labels-initial.csv,
OBS-048,field,device_type,ip_camera,proposed,payload_inference,high,false,sha256:d371c3db68dbf980214901e752cd2e9161d656655b30869309467107c5021467,import:labels-initial.csv,
OBS-048,field,firmware,10.12.114,proposed,payload_inference,high,false,sha256:d371c3db68dbf980214901e752cd2e9161d656655b30869309467107c5021467,import:labels-initial.csv,
OBS-048,field,model,P3245-LVE,proposed,payload_inference,high,false,sha256:d371c3db68dbf980214901e752cd2e9161d656655b30869309467107c5021467,import:labels-initial.csv,
OBS-048,field,vendor,Axis Communications,proposed,payload_inference,high,false,sha256:d371c3db68dbf980214901e752cd2e9161d656655b30869309467107c5021467,import:labels-initial.csv,
OBS-049,field,device_type,ip_camera,proposed,payload_inference,high,false,sha256:cdab36a9e857a9c6f6a0b28904efcea31bc9b90c4471c4d27d4d8e300846bb64,import:labels-initial.csv,
OBS-049,field,firmware,10.12.114,proposed,payload_inference,high,false,sha256:cdab36a9e857a9c6f6a0b28904efcea31bc9b90c4471c4d27d4d8e300846bb64,import:labels-initial.csv,
OBS-049,field,model,P3245-LVE,proposed,payload_inference,high,false,sha256:cdab36a9e857a9c6f6a0b28904efcea31bc9b90c4471c4d27d4d8e300846bb64,import:labels-initial.csv,
OBS-049,field,vendor,Axis Communications,proposed,payload_inference,high,false,sha256:cdab36a9e857a9c6f6a0b28904efcea31bc9b90c4471c4d27d4d8e300846bb64,import:labels-initial.csv,
OBS-050,field,device_type,ip_camera,proposed,payload_inference,high,false,sha256:48348b831ad204a69474f7f8e282ba8254859f06e314e2ee5b372eb6a7466356,import:labels-initial.csv,
OBS-050,field,firmware,10.12.114,proposed,payload_inference,high,false,sha256:48348b831ad204a69474f7f8e282ba8254859f06e314e2ee5b372eb6a7466356,import:labels-initial.csv,
OBS-050,field,model,P3245-LVE,proposed,payload_inference,high,false,sha256:48348b831ad204a69474f7f8e282ba8254859f06e314e2ee5b372eb6a7466356,import:labels-initial.csv,
OBS-050,field,vendor,Axis Communications,proposed,payload_inference,high,false,sha256:48348b831ad204a69474f7f8e282ba8254859f06e314e2ee5b372eb6a7466356,import:labels-initial.csv,
OBS-051,field,device_type,ip_camera,proposed,payload_inference,high,false,sha256:8b4385fe86fed30965ba3c64ecafdcd066d3d42f027cd25954ce87cacfc681f4,import:labels-initial.csv,
OBS-051,field,firmware,10.12.114,proposed,payload_inference,high,false,sha256:8b4385fe86fed30965ba3c64ecafdcd066d3d42f027cd25954ce87cacfc681f4,import:labels-initial.csv,
OBS-051,field,model,P3245-LVE,proposed,payload_inference,high,false,sha256:8b4385fe86fed30965ba3c64ecafdcd066d3d42f027cd25954ce87cacfc681f4,import:labels-initial.csv,
OBS-051,field,vendor,Axis Communications,proposed,payload_inference,high,false,sha256:8b4385fe86fed30965ba3c64ecafdcd066d3d42f027cd25954ce87cacfc681f4,import:labels-initial.csv,
OBS-052,field,device_type,ip_camera,proposed,payload_inference,high,false,sha256:6e0c11477edb36cbb09eeab8f139f651ced377c9da36ea60c02ff3cb32a12228,import:labels-initial.csv,
OBS-052,field,firmware,10.12.114,proposed,payload_inference,high,false,sha256:6e0c11477edb36cbb09eeab8f139f651ced377c9da36ea60c02ff3cb32a12228,import:labels-initial.csv,
OBS-052,field,model,P3245-LVE,proposed,payload_inference,high,false,sha256:6e0c11477edb36cbb09eeab8f139f651ced377c9da36ea60c02ff3cb32a12228,import:labels-initial.csv,
OBS-052,field,vendor,Axis Communications,proposed,payload_inference,high,false,sha256:6e0c11477edb36cbb09eeab8f139f651ced377c9da36ea60c02ff3cb32a12228,import:labels-initial.csv,
OBS-053,field,device_type,ip_camera,proposed,payload_inference,high,false,sha256:9fb5c10a434fdb9de8a06b753bfe394020c1f742500cdab7bbffd2898e38ff3f,import:labels-initial.csv,
OBS-053,field,firmware,1.42_220310,proposed,payload_inference,high,false,sha256:9fb5c10a434fdb9de8a06b753bfe394020c1f742500cdab7bbffd2898e38ff3f,import:labels-initial.csv,
OBS-053,field,model,XNV-6081Z,proposed,payload_inference,high,false,sha256:9fb5c10a434fdb9de8a06b753bfe394020c1f742500cdab7bbffd2898e38ff3f,import:labels-initial.csv,
OBS-053,field,vendor,Hanwha Vision,proposed,payload_inference,high,false,sha256:9fb5c10a434fdb9de8a06b753bfe394020c1f742500cdab7bbffd2898e38ff3f,import:labels-initial.csv,
OBS-054,field,device_type,ip_camera,proposed,payload_inference,high,false,sha256:07734d1d293b4cf7d3fe735cf38b154ef7082e8db14cfdc948fcb4af0002dde2,import:labels-initial.csv,
OBS-054,field,firmware,1.42_220310,proposed,payload_inference,high,false,sha256:07734d1d293b4cf7d3fe735cf38b154ef7082e8db14cfdc948fcb4af0002dde2,import:labels-initial.csv,
OBS-054,field,model,XNV-6081Z,proposed,payload_inference,high,false,sha256:07734d1d293b4cf7d3fe735cf38b154ef7082e8db14cfdc948fcb4af0002dde2,import:labels-initial.csv,
OBS-054,field,vendor,Hanwha Vision,proposed,payload_inference,high,false,sha256:07734d1d293b4cf7d3fe735cf38b154ef7082e8db14cfdc948fcb4af0002dde2,import:labels-initial.csv,
OBS-055,field,device_type,ip_camera,proposed,payload_inference,high,false,sha256:c04e722cf17c2caf3c05a2852dca0cbe4e60b47e95d77b4793f1d2aad9db8cdd,import:labels-initial.csv,
OBS-055,field,firmware,1.42_220310,proposed,payload_inference,high,false,sha256:c04e722cf17c2caf3c05a2852dca0cbe4e60b47e95d77b4793f1d2aad9db8cdd,import:labels-initial.csv,
OBS-055,field,model,XNV-6081Z,proposed,payload_inference,high,false,sha256:c04e722cf17c2caf3c05a2852dca0cbe4e60b47e95d77b4793f1d2aad9db8cdd,import:labels-initial.csv,
OBS-055,field,vendor,Hanwha Vision,proposed,payload_inference,high,false,sha256:c04e722cf17c2caf3c05a2852dca0cbe4e60b47e95d77b4793f1d2aad9db8cdd,import:labels-initial.csv,
OBS-056,field,device_type,ip_camera,proposed,payload_inference,high,false,sha256:ec3334e131d551bbf618cb67b6b323bd7c600eaab24fd76bf4065b0651cd1907,import:labels-initial.csv,
OBS-056,field,firmware,1.42_220310,proposed,payload_inference,high,false,sha256:ec3334e131d551bbf618cb67b6b323bd7c600eaab24fd76bf4065b0651cd1907,import:labels-initial.csv,
OBS-056,field,model,XNV-6081Z,proposed,payload_inference,high,false,sha256:ec3334e131d551bbf618cb67b6b323bd7c600eaab24fd76bf4065b0651cd1907,import:labels-initial.csv,
OBS-056,field,vendor,Hanwha Vision,proposed,payload_inference,high,false,sha256:ec3334e131d551bbf618cb67b6b323bd7c600eaab24fd76bf4065b0651cd1907,import:labels-initial.csv,
OBS-057,field,device_type,ip_camera,proposed,payload_inference,high,false,sha256:b26c3241cae72b78ee833d0b4f460523ea4697a809a43f0a236f46c1745b4c85,import:labels-initial.csv,
OBS-057,field,firmware,1.42_220310,proposed,payload_inference,high,false,sha256:b26c3241cae72b78ee833d0b4f460523ea4697a809a43f0a236f46c1745b4c85,import:labels-initial.csv,
OBS-057,field,model,XNV-6081Z,proposed,payload_inference,high,false,sha256:b26c3241cae72b78ee833d0b4f460523ea4697a809a43f0a236f46c1745b4c85,import:labels-initial.csv,
OBS-057,field,vendor,Hanwha Vision,proposed,payload_inference,high,false,sha256:b26c3241cae72b78ee833d0b4f460523ea4697a809a43f0a236f46c1745b4c85,import:labels-initial.csv,
OBS-058,field,device_type,ip_camera,proposed,payload_inference,high,false,sha256:0b9b6dc78e481d4a5d0fd6b9265d3032317879e75301af48ab82b992edfc38dc,import:labels-initial.csv,
OBS-058,field,firmware,1.42_220310,proposed,payload_inference,high,false,sha256:0b9b6dc78e481d4a5d0fd6b9265d3032317879e75301af48ab82b992edfc38dc,import:labels-initial.csv,
OBS-058,field,model,XNV-6081Z,proposed,payload_inference,high,false,sha256:0b9b6dc78e481d4a5d0fd6b9265d3032317879e75301af48ab82b992edfc38dc,import:labels-initial.csv,
OBS-058,field,vendor,Hanwha Vision,proposed,payload_inference,high,false,sha256:0b9b6dc78e481d4a5d0fd6b9265d3032317879e75301af48ab82b992edfc38dc,import:labels-initial.csv,
OBS-059,field,device_type,ip_camera,proposed,payload_inference,high,false,sha256:a414fdf254d62d285d7f88c658decbe116953a725d92d9c39ba162642921386e,import:labels-initial.csv,
OBS-059,field,model,DS-2CD2143G0-I,proposed,payload_inference,high,false,sha256:a414fdf254d62d285d7f88c658decbe116953a725d92d9c39ba162642921386e,import:labels-initial.csv,
OBS-059,field,vendor,Hikvision,proposed,payload_inference,high,false,sha256:a414fdf254d62d285d7f88c658decbe116953a725d92d9c39ba162642921386e,import:labels-initial.csv,
OBS-060,field,device_type,ip_camera,proposed,payload_inference,high,false,sha256:f0dea1ddf6446155647b40e9b18d3b3fd63a50387e9910cf12acaa63bec50b6c,import:labels-initial.csv,
OBS-060,field,model,DS-2CD2143G0-I,proposed,payload_inference,high,false,sha256:f0dea1ddf6446155647b40e9b18d3b3fd63a50387e9910cf12acaa63bec50b6c,import:labels-initial.csv,
OBS-060,field,vendor,Hikvision,proposed,payload_inference,high,false,sha256:f0dea1ddf6446155647b40e9b18d3b3fd63a50387e9910cf12acaa63bec50b6c,import:labels-initial.csv,
OBS-061,field,device_type,ip_camera,proposed,payload_inference,high,false,sha256:3df8448e8f791fbd00f66b5851d8ec852ba3e5d8395f93d1b1729b9079ba8c45,import:labels-initial.csv,
OBS-061,field,model,DS-2CD2143G0-I,proposed,payload_inference,high,false,sha256:3df8448e8f791fbd00f66b5851d8ec852ba3e5d8395f93d1b1729b9079ba8c45,import:labels-initial.csv,
OBS-061,field,vendor,Hikvision,proposed,payload_inference,high,false,sha256:3df8448e8f791fbd00f66b5851d8ec852ba3e5d8395f93d1b1729b9079ba8c45,import:labels-initial.csv,
OBS-061,link_basis,same_device,OBS-073,proposed,payload_inference,medium,false,sha256:3df8448e8f791fbd00f66b5851d8ec852ba3e5d8395f93d1b1729b9079ba8c45,import:labels-initial.csv,
OBS-062,field,device_type,ip_camera,proposed,payload_inference,high,false,sha256:12f1ac6d4f9e8e883d22f31bd97b9a0724355ec5e2a6a01763865809720e31ef,import:labels-initial.csv,
OBS-062,field,model,DS-2CD2143G0-I,proposed,payload_inference,high,false,sha256:12f1ac6d4f9e8e883d22f31bd97b9a0724355ec5e2a6a01763865809720e31ef,import:labels-initial.csv,
OBS-062,field,vendor,Hikvision,proposed,payload_inference,high,false,sha256:12f1ac6d4f9e8e883d22f31bd97b9a0724355ec5e2a6a01763865809720e31ef,import:labels-initial.csv,
OBS-063,field,device_type,ip_camera,proposed,payload_inference,high,false,sha256:49275fd88a9f3edab9b9289809988701a9d2500dcb8e644d31d961d08e4dfc54,import:labels-initial.csv,
OBS-063,field,model,DS-2CD2143G0-I,proposed,payload_inference,high,false,sha256:49275fd88a9f3edab9b9289809988701a9d2500dcb8e644d31d961d08e4dfc54,import:labels-initial.csv,
OBS-063,field,vendor,Hikvision,proposed,payload_inference,high,false,sha256:49275fd88a9f3edab9b9289809988701a9d2500dcb8e644d31d961d08e4dfc54,import:labels-initial.csv,
OBS-064,field,device_type,ip_camera,proposed,payload_inference,high,false,sha256:168e111c4d10fbd0907e5c87fe517d2059f5624e5576929b684b47c4765edaec,import:labels-initial.csv,
OBS-064,field,model,DS-2CD2143G0-I,proposed,payload_inference,high,false,sha256:168e111c4d10fbd0907e5c87fe517d2059f5624e5576929b684b47c4765edaec,import:labels-initial.csv,
OBS-064,field,vendor,Hikvision,proposed,payload_inference,high,false,sha256:168e111c4d10fbd0907e5c87fe517d2059f5624e5576929b684b47c4765edaec,import:labels-initial.csv,
OBS-065,field,device_type,ip_camera,proposed,payload_inference,high,false,sha256:dea81a0f7c347a53d93b9a474f8e55f16632315a83093ed0d896f26530b5413d,import:labels-initial.csv,
OBS-065,field,firmware,7.14.0.30,proposed,payload_inference,high,false,sha256:dea81a0f7c347a53d93b9a474f8e55f16632315a83093ed0d896f26530b5413d,import:labels-initial.csv,
OBS-065,field,model,H5A-B2,proposed,payload_inference,high,false,sha256:dea81a0f7c347a53d93b9a474f8e55f16632315a83093ed0d896f26530b5413d,import:labels-initial.csv,
OBS-065,field,vendor,Avigilon,proposed,payload_inference,high,false,sha256:dea81a0f7c347a53d93b9a474f8e55f16632315a83093ed0d896f26530b5413d,import:labels-initial.csv,
OBS-066,field,device_type,ip_camera,proposed,payload_inference,high,false,sha256:3b6a4e932e47115523799ba0e8400bd8dacdf7abafd7d37f2724676e3ca579d3,import:labels-initial.csv,
OBS-066,field,firmware,7.14.0.30,proposed,payload_inference,high,false,sha256:3b6a4e932e47115523799ba0e8400bd8dacdf7abafd7d37f2724676e3ca579d3,import:labels-initial.csv,
OBS-066,field,model,H5A-B2,proposed,payload_inference,high,false,sha256:3b6a4e932e47115523799ba0e8400bd8dacdf7abafd7d37f2724676e3ca579d3,import:labels-initial.csv,
OBS-066,field,vendor,Avigilon,proposed,payload_inference,high,false,sha256:3b6a4e932e47115523799ba0e8400bd8dacdf7abafd7d37f2724676e3ca579d3,import:labels-initial.csv,
OBS-067,field,device_type,ip_camera,proposed,payload_inference,high,false,sha256:98068c76e7433091e397c0a3da24468c0833e5cc06eb1bda2557e45a188ae9a6,import:labels-initial.csv,
OBS-067,field,firmware,7.14.0.30,proposed,payload_inference,high,false,sha256:98068c76e7433091e397c0a3da24468c0833e5cc06eb1bda2557e45a188ae9a6,import:labels-initial.csv,
OBS-067,field,model,H5A-B2,proposed,payload_inference,high,false,sha256:98068c76e7433091e397c0a3da24468c0833e5cc06eb1bda2557e45a188ae9a6,import:labels-initial.csv,
OBS-067,field,vendor,Avigilon,proposed,payload_inference,high,false,sha256:98068c76e7433091e397c0a3da24468c0833e5cc06eb1bda2557e45a188ae9a6,import:labels-initial.csv,
OBS-068,field,device_type,ip_camera,proposed,payload_inference,high,false,sha256:70cff57807649b06d8f9300d93d796b4129ca7a81693a57d1b9f7d965e208f65,import:labels-initial.csv,
OBS-068,field,firmware,7.14.0.30,proposed,payload_inference,high,false,sha256:70cff57807649b06d8f9300d93d796b4129ca7a81693a57d1b9f7d965e208f65,import:labels-initial.csv,
OBS-068,field,model,H5A-B2,proposed,payload_inference,high,false,sha256:70cff57807649b06d8f9300d93d796b4129ca7a81693a57d1b9f7d965e208f65,import:labels-initial.csv,
OBS-068,field,vendor,Avigilon,proposed,payload_inference,high,false,sha256:70cff57807649b06d8f9300d93d796b4129ca7a81693a57d1b9f7d965e208f65,import:labels-initial.csv,
OBS-069,field,device_type,ip_camera,proposed,payload_inference,high,false,sha256:188250aae605859d68c2c0afb26cf4567a2e5c0ea1a0000f691980188fb5240d,import:labels-initial.csv,
OBS-069,field,firmware,8.10.0135,proposed,payload_inference,high,false,sha256:188250aae605859d68c2c0afb26cf4567a2e5c0ea1a0000f691980188fb5240d,import:labels-initial.csv,
OBS-069,field,model,NDE-8503-R,proposed,payload_inference,high,false,sha256:188250aae605859d68c2c0afb26cf4567a2e5c0ea1a0000f691980188fb5240d,import:labels-initial.csv,
OBS-069,field,vendor,Bosch Security Systems,proposed,payload_inference,high,false,sha256:188250aae605859d68c2c0afb26cf4567a2e5c0ea1a0000f691980188fb5240d,import:labels-initial.csv,
OBS-069,link_basis,same_device,OBS-074,proposed,payload_inference,high,false,sha256:188250aae605859d68c2c0afb26cf4567a2e5c0ea1a0000f691980188fb5240d,import:labels-initial.csv,
OBS-070,field,device_type,ip_camera,proposed,payload_inference,high,false,sha256:ee5f92608002c932dafa7200be0e33e84f6d8b58e16b4bc0c837a7fa9b2c9763,import:labels-initial.csv,
OBS-070,field,firmware,8.10.0135,proposed,payload_inference,high,false,sha256:ee5f92608002c932dafa7200be0e33e84f6d8b58e16b4bc0c837a7fa9b2c9763,import:labels-initial.csv,
OBS-070,field,model,NDE-8503-R,proposed,payload_inference,high,false,sha256:ee5f92608002c932dafa7200be0e33e84f6d8b58e16b4bc0c837a7fa9b2c9763,import:labels-initial.csv,
OBS-070,field,vendor,Bosch Security Systems,proposed,payload_inference,high,false,sha256:ee5f92608002c932dafa7200be0e33e84f6d8b58e16b4bc0c837a7fa9b2c9763,import:labels-initial.csv,
OBS-071,field,device_type,ip_camera,proposed,payload_inference,high,false,sha256:df1ee9a8b120984e277dc0725e003fa45328e0850d4f210b45f2a8baece2f60f,import:labels-initial.csv,
OBS-071,field,firmware,8.10.0135,proposed,payload_inference,high,false,sha256:df1ee9a8b120984e277dc0725e003fa45328e0850d4f210b45f2a8baece2f60f,import:labels-initial.csv,
OBS-071,field,model,NDE-8503-R,proposed,payload_inference,high,false,sha256:df1ee9a8b120984e277dc0725e003fa45328e0850d4f210b45f2a8baece2f60f,import:labels-initial.csv,
OBS-071,field,vendor,Bosch Security Systems,proposed,payload_inference,high,false,sha256:df1ee9a8b120984e277dc0725e003fa45328e0850d4f210b45f2a8baece2f60f,import:labels-initial.csv,
OBS-072,field,device_type,ip_camera,proposed,payload_inference,medium,false,sha256:4b31819c17354672971b10a73516386ed1fc70d51b58293524e56b243aa0ab2f,import:labels-initial.csv,
OBS-072,field,firmware,10.12.114,proposed,payload_inference,medium,false,sha256:4b31819c17354672971b10a73516386ed1fc70d51b58293524e56b243aa0ab2f,import:labels-initial.csv,
OBS-072,field,model,P3245-LVE,proposed,payload_inference,medium,false,sha256:4b31819c17354672971b10a73516386ed1fc70d51b58293524e56b243aa0ab2f,import:labels-initial.csv,
OBS-072,field,vendor,Axis Communications,proposed,payload_inference,medium,false,sha256:4b31819c17354672971b10a73516386ed1fc70d51b58293524e56b243aa0ab2f,import:labels-initial.csv,
OBS-073,field,device_type,ip_camera,proposed,payload_inference,medium,false,sha256:991154cbb95b2d6bef773f2640713cd6daa6bb2099bdad1cc91a9a05a3b559eb,import:labels-initial.csv,
OBS-073,field,model,DS-2CD2143G0-I,proposed,payload_inference,medium,false,sha256:991154cbb95b2d6bef773f2640713cd6daa6bb2099bdad1cc91a9a05a3b559eb,import:labels-initial.csv,
OBS-073,field,vendor,Hikvision,proposed,payload_inference,medium,false,sha256:991154cbb95b2d6bef773f2640713cd6daa6bb2099bdad1cc91a9a05a3b559eb,import:labels-initial.csv,
OBS-074,field,device_type,ip_camera,proposed,payload_inference,high,false,sha256:4be2f05260f293ca795862fb9b497ce9be2992d196636f0dc686bd226e529afd,import:labels-initial.csv,
OBS-074,field,firmware,8.11.0021,proposed,payload_inference,high,false,sha256:4be2f05260f293ca795862fb9b497ce9be2992d196636f0dc686bd226e529afd,import:labels-initial.csv,
OBS-074,field,model,NDE-8503-R,proposed,payload_inference,high,false,sha256:4be2f05260f293ca795862fb9b497ce9be2992d196636f0dc686bd226e529afd,import:labels-initial.csv,
OBS-074,field,vendor,Bosch Security Systems,proposed,payload_inference,high,false,sha256:4be2f05260f293ca795862fb9b497ce9be2992d196636f0dc686bd226e529afd,import:labels-initial.csv,
