vendor,device_type
Axis Communications,ip_camera
Hanwha Vision,nvr
Avigilon,video_encoder
Motorola Solutions,access_control_panel
Bosch Security Systems,door_controller
Pelco,card_reader
Schneider Electric,intercom
Vivotek,ip_speaker
Hikvision,network_switch
Dahua Technology,wireless_ap
i-PRO,printer
Panasonic,hvac_controller
Genetec,plc
Milestone Systems,environmental_sensor
HID Global,ups
Lenel,digital_signage
Software House,unknown
Aiphone,
2N,
BrightSign,
Cisco Systems,
Juniper Networks,
Ubiquiti,
HP Inc.,
Zebra Technologies,
Siemens,
Rockwell Automation,
Honeywell,
APC,
Unknown,
